Name,Surname,Email
Esmee,Ariadne Sylvain,Esmee.Ariadne@mail.net
Boro,Gladys Ingibjörg,Boro.Gladys@mail.net
Neeraj,Laxman Kaspar,Neeraj.Laxman@mail.net
Jasmina,Gráinne Johannes,Jasmina.Gráinne@mail.net
Tessie,Polissena Coenraad,Tessie.Polissena@mail.net
Sharif,Penjani Beppe,Sharif.Penjani@mail.net